,kappa,ev1,ev2,ev_diff,ev_diff_squared,model_diff_squared_real,model_diff_squared_imag,model_var_diff_real,model_var_diff_imag,ev_sum,model_sum_real,model_sum_imag,model_var_sum_real,model_var_sum_imag
0,(1.5+0.5j),(-2.0941730889098844-0.20795088700189832j),(-0.5165202814462224+0.05842905972234264j),(-1.577652807463662-0.266379946724241j),(2.418030104881165+0.8405101416030389j),2.4284972710111035,0.8385523786385785,0.008780449398045675,0.008780449398045675,(-1.3053466851780535-0.07476091363977784j),-1.2804900703744857,-0.088502151526035,0.00017623085977835906,0.00017623085977835906
1,(1.3763066800438635+0.9817536741017153j),(-1.6856551018609973-0.458436330205839j),(-0.8608492333344101+0.17515450637699712j),(-0.8248058685265872-0.6335908365828361j),(0.2788673725541598+1.0451788805163862j),0.26582635514417263,1.0235066056651327,0.007334544156719858,0.007334544156719858,(-1.2732521675977038-0.14164091191442096j),-1.2561750813347112,-0.13917759390857012,5.1523864263214314e-05,5.1523864263214314e-05
2,(1.0358267949789965+1.344327925502015j),(-1.0352379752358594-0.942033793477287j),(-1.3861306623598812+0.5874768619841232j),(0.3508926871240219-1.5295106554614102j),(-2.216277167292876-1.0733882077593564j),-2.2517067597111375,-1.1044833198133264,0.0092936049788932,0.0092936049788932,(-1.2106843187978704-0.1772784657465819j),-1.210870035849019,-0.1686664734721373,8.677417263380782e-05,8.677417263380782e-05
3,(0.5627905195293132+1.4980267284282716j),(-0.4961781091449555-1.201421945113657j),(-1.788672111803006+0.8549375744933373j),(1.2924940026580505-2.0563595196069944j),(-2.55807372697128-5.3156646928016595j),-2.546023743580389,-5.331233342568677,0.011521027539629358,0.011521027539629358,(-1.1424251104739809-0.17324218531015984j),-1.156692718434805,-0.1693484874370646,0.00023994644510960672,0.00023994644510960672
4,(0.07422070843492728+1.4048270524660196j),(0.01981271446206096-1.1620683605910174j),(-2.198055926340246+0.890380803866162j),(2.217868640802307-2.0524491644571796j),(0.7063937351732976-9.104125277380952j),0.7516788490036646,-9.079418917977957,0.01137517250754172,0.01137517250754172,(-1.0891216059390925-0.13584377836242767j),-1.107871473335622,-0.1420697280298795,0.0003849639890312062,0.0003849639890312062
5,(-0.30901699437494734+1.0877852522924734j),(0.40582988033618944-0.8758506431872569j),(-2.5359928871878257+0.7220680476515009j),(2.941822767524015-1.5979186908387577j),(6.100977052990806-9.40158717072325j),6.064057012100333,-9.346824636369284,0.011586279048970027,0.011586279048970027,(-1.065081503425818-0.07689129776787801j),-1.0764604168055079,-0.09496626998447052,0.000451758769624111,0.000451758769624111
6,(-0.4921147013144779+0.625333233564304j),(0.5508583701900022-0.46117037121211196j),(-2.718607306109652+0.4186517342953486j),(3.269465676299654-0.8798221055074605j),(9.915318871161972-5.75309635041267j),9.8866375858459,-5.812126616010572,0.01158873908343594,0.01158873908343594,(-1.083874467959825-0.021259318458381693j),-1.06936123547288,-0.04018522963564212,0.0004640162365837641,0.0004640162365837641
7,(-0.42977648588825124+0.1318754473153217j),(0.48074373167850876-0.0934444884814216j),(-2.704722079231046+0.08577974363941739j),(3.185465810909555-0.179224232120839j),(10.115071107094364-1.1418253278149013j),10.1536513209984,-1.1157931137950508,0.01173544262132964,0.01173544262132964,(-1.1119891737762686-0.0038323724210021087j),-1.0874144364206821,0.009566997722615208,0.0004729225212571908,0.0004729225212571908
8,(-0.13742398974868952-0.27051324277578936j),(0.26882648422319494+0.1959810341952105j),(-2.515682625035355-0.16151354422463154j),(2.78450910925855+0.35749457841984206j),(7.625688605944264+1.9908938202411905j),7.587237505450398,1.990967375383822,0.011750161239660883,0.011750161239660883,(-1.12342807040608+0.017233744985289484j),-1.1260595305886794,0.04339750018761152,0.0005013274350160746,0.0005013274350160746
9,(0.3126186854142754-0.4822872507286887j),(-0.0734298725783271+0.32390969566496913j),(-2.239329557045815-0.2300790627366693j),(2.165899684467488+0.5539887584016384j),(4.384217898740975+2.399768154041288j),4.401656355372577,2.3742168579646536,0.011750626039429335,0.011750626039429335,(-1.156379714812071+0.04691531646414991j),-1.1765615721327902,0.053614515710839236,0.0005353482040998392,0.0005353482040998392
10,(0.8090169943749472-0.45105651629515364j),(-0.3799347663164238+0.2013195394939587j),(-2.0451083025031602-0.09206532925019467j),(1.6651735361867364+0.29338486874415337j),(2.686728224408616+0.9770734387007668j),2.701284316546881,0.9932252284192085,0.011710853914564723,0.011710853914564723,(-1.212521534409792+0.054627105121882014j),-1.2273882485864664,0.03699704013458202,0.000533082306277799,0.000533082306277799
11,(1.2289686274214118-0.18454710592868828j),(-0.4415479733867126+0.020570290948781815j),(-2.099967327903494+0.030554152287231535j),(1.6584193545167816-0.00998386133844972j),(2.750255077948633-0.03311485775299367j),2.73706501816297,-0.02499568280640102,0.011819775916137587,0.011819775916137587,(-1.2707576506451033+0.025562221618006677j),-1.266159691025385,-0.003771013399415925,0.00044621027524371915,0.00044621027524371915
12,(1.468583161128631+0.2513101128351455j),(-0.45516488693751134+0.01794977751067867j),(-2.1538784059680554-0.0925365903081112j),(1.698713519030544+0.11048636781878987j),(2.8734203822633457+0.3753693733647192j),2.875016338976651,0.3737812463372307,0.00896061920275315,0.00896061920275315,(-1.3045216464527833-0.03729340639871627j),-1.282544323274485,-0.05944516710969382,0.00027191423332284526,0.00027191423332284526
13,(1.177129941529275+1.0086182691386285j),(-1.31777822971344-0.06160885840654373j),(-1.1707470417022705-0.2142464518547058j),(-0.14703118801116943+0.15263759344816208j),(-0.001680064685670557-0.044884973399698325j),0.026454865164386672,-0.03821813817089629,0.0002900871763813484,0.0002900871763813484,(-1.2442626357078552-0.13792765513062477j),-1.2354572824863852,-0.13606492688640434,3.024190703593277e-05,3.024190703593277e-05
14,(1.1849299439664474+1.008589017741912j),(-1.2506158351898193-0.12466278672218323j),(0.01722733862698078+0.0019028548849746585j),(-1.2678431738168001-0.12656564160715789j),(1.5914074517584254+0.3209307695027574j),0.026753926539160845,0.005185674125601128,0.0002679909259768465,0.0002679909259768465,(-0.6166942482814193-0.061379965918604285j),-1.2362466571885853,-0.1363044009662552,3.054804229984942e-05,3.054804229984942e-05
15,(1.1660809653417221+1.089312038232449j),(-1.2022525072097778-0.4970552921295166j),(-1.276904821395874+0.19993191957473755j),(0.07465231418609619-0.6969872117042542j),(-0.4802182052659312-0.10406341662367424j),-0.47794200543840315,-0.10280832790081365,0.0007005503430264071,0.0007005503430264071,(-1.239578664302826-0.14856168627738953j),-1.231997515439935,-0.14469901717262063,3.38412741822669e-05,3.38412741822669e-05
16,(1.1691492076739174+1.074308779357218j),(-1.2061737775802612-0.4600948095321655j),(-1.2750333547592163+0.16683682799339294j),(0.06885957717895508-0.6269316375255585j),(-0.38830163676121376-0.08634049496023977j),-0.3814845514111739,-0.08382060138801091,0.0005068459404355963,0.0005068459404355963,(-1.2406035661697388-0.1466289907693863j),-1.2327490475031633,-0.14312789793469372,3.2794808531910746e-05,3.2794808531910746e-05
17,(1.1713166024200028+1.0642615318839928j),(-1.209157943725586-0.4332598149776459j),(-1.2734453678131104+0.1425844430923462j),(0.06428742408752441-0.5758442580699921j),(-0.3274637366563704-0.07403908805382287j),-0.3175587609953188,-0.07078870455225054,0.0004065946968694334,0.0004065946968694334,(-1.2413016557693481-0.14533768594264984j),-1.2332622693382689,-0.14207860132169356,3.220544694726435e-05,3.220544694726435e-05
18,(1.1729664961090946+1.0569687107258j),(-1.2116013765335083-0.41241025924682617j),(-1.2720324993133545+0.12360503524541855j),(0.06043112277984619-0.5360152944922447j),(-0.283660475329175-0.06478401214667251j),-0.27149678789701065,-0.061062509665877535,0.0003484976405161433,0.0003484976405161433,(-1.2418169379234314-0.1444026120007038j),-1.2336418126245605,-0.14131901743923503,3.183409844964569e-05,3.183409844964569e-05
19,(1.1742759741076056+1.051399572886546j),(-1.2136743068695068-0.39551782608032227j),(-1.2707581520080566+0.10813775658607483j),(0.057083845138549805-0.5036555826663971j),(-0.250410380575226-0.05750119456818936j),-0.2365143964417404,-0.05345352935667162,0.0003123651886198786,0.0003123651886198786,(-1.2422162294387817-0.14369003474712372j),-1.2339362403464493,-0.140740314661376,3.158268104941353e-05,3.158268104941353e-05
20,(1.1753441421568978+1.0469922441128008j),(-1.2154691219329834-0.38142794370651245j),(-1.2696027755737305+0.09517387300729752j),(0.05413365364074707-0.47660181671380997j),(-0.22421883923840774-0.051600395341072414j),-0.2089484567460076,-0.047314684157347534,0.0002887836164973123,0.0002887836164973123,(-1.242535948753357-0.14312703534960747j),-1.2341722095249452,-0.1402832120261096,3.140351926889107e-05,3.140351926889107e-05
21,(1.1762329732310235+1.0434101120948518j),(-1.2170445919036865-0.3694206774234772j),(-1.2685517072677612+0.08408057689666748j),(0.05150711536407471-0.45350125432014465j),(-0.20301040473681642-0.04671708284804055j),-0.18662109114176761,-0.042250848509382134,0.00027285851979286235,0.00027285851979286235,(-1.2427981495857239-0.14267005026340485j),-1.2343659172287405,-0.13991225956291997,3.1270803979577266e-05,3.1270803979577266e-05
22,(1.1769841607721079+1.0404374829960283j),(-1.2184420824050903-0.35901695489883423j),(-1.2675927877426147+0.07443451881408691j),(0.049150705337524414-0.43345147371292114j),(-0.18546438822872702-0.04260889132515899j),-0.16814547131067548,-0.03800148846753097,0.0002618380619878735,0.0002618380619878735,(-1.2430174350738525-0.14229121804237366j),-1.2345279239875122,-0.13960479493761566,3.1169445594780854e-05,3.1169445594780854e-05
23,(1.1776269978749578+1.0379284516423608j),(-1.2196911573410034-0.3498803377151489j),(-1.2667156457901+0.06593694537878036j),(0.04702448844909668-0.4158172830939293j),(-0.1706927104057177-0.039107190051570484j),-0.15258849525807214,-0.03438654224314921,0.0002540789791964926,0.0002540789791964926,(-1.2432034015655518-0.14197169616818428j),-1.2346654728437576,-0.1393455173300014,3.109006525714442e-05,3.109006525714442e-05
24,(1.1781829311413692+1.0357815145938893j),(-1.2208154201507568-0.3417696952819824j),(-1.2659111022949219+0.05837280675768852j),(0.04509568214416504-0.40014250203967094j),(-0.1580804013905205-0.03608939816870382j),-0.1393037706676601,-0.03127599173839257,0.00024855724768713117,0.00024855724768713117,(-1.2433632612228394-0.14169844426214695j),-1.2347837047134422,-0.13912381283384784,3.102660870435425e-05,3.102660870435425e-05
25,(1.1786680687980768+1.0339227804669098j),(-1.2218332290649414-0.3345033526420593j),(-1.2651710510253906+0.051579415798187256j),(0.04333782196044922-0.3860827684402466j),(-0.14718173727420947-0.0334639725613215j),-0.12782260869970946,-0.028573324868475008,0.0002446070836867875,0.0002446070836867875,(-1.243502140045166-0.14146196842193604j),-1.2348864081136635,-0.13893196844107075,3.0974979714049056e-05,3.0974979714049056e-05
26,(1.179094761926631+1.0322974832256067j),(-1.2227591276168823-0.3279426693916321j),(-1.2644883394241333+0.0454322025179863j),(0.04172921180725098-0.3733748719096184j),(-0.13766746785546952-0.031161278226843336j),-0.11779876696858489,-0.026205261625539367,0.00024178335479518864,0.00024178335479518864,(-1.2436237335205078-0.1412552334368229j),-1.2349764301842547,-0.1387642792144677,3.0932335873701255e-05,3.0932335873701255e-05
27,(1.1794726570606886+1.0308640154806914j),(-1.2236053943634033-0.3219793140888214j),(-1.2638568878173828+0.039833467453718185j),(0.04025149345397949-0.3618127815425396j),(-0.12928830616227371-0.02912700961565129j),-0.10896996354338682,-0.02411505046571239,0.00023978034209903853,0.00023978034209903853,(-1.243731141090393-0.1410729233175516j),-1.2350559589025032,-0.13861641836613614,3.089664827260474e-05,3.089664827260474e-05
28,(1.1798094058717614+1.029590200512672j),(-1.2243820428848267-0.31652724742889404j),(-1.263271450996399+0.034705378115177155j),(0.038889408111572266-0.3512326255440712j),(-0.12185197118331331-0.027318457833764853j),-0.10113388403659868,-0.022258003105458977,0.00023838345896365354,0.00023838345896365354,(-1.2438267469406128-0.14091093465685844j),-1.2351267045577161,-0.13848504525588196,3.0866436766530114e-05,3.0866436766530114e-05
29,(1.1801111582985415+1.0284507151083357j),(-1.2250972986221313-0.3115169405937195j),(-1.26272714138031+0.029984887689352036j),(0.03762984275817871-0.3415018282830715j),(-0.11520749365467521-0.025701320199845057j),-0.09413167348421123,-0.020598431379468204,0.0002374391715420643,0.0002374391715420643,(-1.2439122200012207-0.14076602645218372j),-1.2351900252942203,-0.13836753440158234,3.0840599066439545e-05,3.0840599066439545e-05
30,(1.1803829166327195+1.0274253288308053j),(-1.22575843334198-0.30689144134521484j),(-1.2622199058532715+0.02562021091580391j),(0.036461472511291504-0.33251165226101875j),(-0.10923455991166099-0.02424772893719851j),-0.08783668858687173,-0.019107471399072463,0.00023683582639932865,0.00023683582639932865,(-1.2439891695976257-0.14063561521470547j),-1.235247014552643,-0.13826179084237894,3.08182995711892e-05,3.08182995711892e-05
31,(1.1806287694766915+1.026497827659068j),(-1.2263712882995605-0.30260422825813293j),(-1.2617460489273071+0.021568963304162025j),(0.03537476062774658-0.32417319156229496j),(-0.10383688443821401-0.022935098106897644j),-0.08214760180926473,-0.017761640892679443,0.00023649112836210406,0.00023649112836210406,(-1.2440586686134338-0.14051763247698545j),-1.2352985563376806,-0.13816613783406495,3.079889890156284e-05,3.079889890156284e-05
32,(1.1808521245573145+1.0256547424927496j),(-1.2269412279129028-0.2986154854297638j),(-1.2613025903701782+0.017794713377952576j),(0.03436136245727539-0.31641019880771637j),(-0.09893471067961834-0.021744571052821016j),-0.07698040559565741,-0.016541467426804422,0.00023634354647583677,0.00023634354647583677,(-1.2441219091415405-0.1404103860259056j),-1.2353453857748398,-0.1380791826747651,3.078189238259199e-05,3.078189238259199e-05
33,(1.1810558240429954+1.024885164737646j),(-1.2274724245071411-0.29489248991012573j),(-1.2608866691589355+0.014267563819885254j),(0.033414244651794434-0.309160053730011j),(-0.09446342707669331-0.020660699343793j),-0.07226714493757017,-0.015430764824145704,0.00023634667741134763,0.00023634667741134763,(-1.2441795468330383-0.14031246304512024j),-1.235388106372103,-0.13799979989521682,3.076688761216584e-05,3.076688761216584e-05
34,(1.1812422538811347+1.0241798502701205j),(-1.2279689311981201-0.2914067506790161j),(-1.260495662689209+0.010961356572806835j),(0.03252673149108887-0.30236810725182295j),(-0.09036848402155652-0.01967009247209761j),-0.06795033060349998,-0.014416002426284649,0.00023646516478947888,0.00023646516478947888,(-1.2442322969436646-0.14022269705310464j),-1.2354272270586057,-0.13792703495158237,3.075356633064352e-05,3.075356633064352e-05
35,(1.1814134411882493+1.0235311517238888j),(-1.2284340858459473-0.2881343960762024j),(-1.2601275444030762+0.007854151539504528j),(0.031693458557128906-0.2959885476157069j),(-0.08660474500434316-0.018761801534486366j),-0.06398245372847047,-0.013485716526305341,0.00023667182176723145,0.00023667182176723145,(-1.2442808151245117-0.14014012226834893j),-1.2354631741311557,-0.1378600997885013,3.074167530403571e-05,3.074167530403571e-05
36,(1.1815711075368944+1.0229325189093654j),(-1.2288707494735718-0.28505444526672363j),(-1.2597802877426147+0.004926635883748531j),(0.03090953826904297-0.28998108115047216j),(-0.08313362786919129-0.017926362650237948j),-0.060322877112708166,-0.01263020502791028,0.00023694564038123644,0.00023694564038123644,(-1.2443255186080933-0.14006390469148755j),-1.235496311115107,-0.13779831889798577,3.073100577344334e-05,3.073100577344334e-05
37,(1.1817167399129849+1.022378405760479j),(-1.2292814254760742-0.2821488678455353j),(-1.259452223777771+0.0021621687337756157j),(0.030170798301696777-0.2843110365793109j),(-0.0799224884506406-0.017155781879161447j),-0.05693722790692482,-0.011841109274284799,0.00023727025063635665,0.00023727025063635665,(-1.2443668246269226-0.13999334955587983j),-1.2355269486954246,-0.1377411212025869,3.072138762194587e-05,3.072138762194587e-05
38,(1.1818515975750612+1.021864072038835j),(-1.2296684980392456-0.279401957988739j),(-1.2591416835784912-0.0004537077620625496j),(0.029473185539245605-0.27894825022667646j),(-0.07694345763869372-0.01644298706955749j),-0.05379615661493323,-0.011111368617039279,0.0002376328366153757,0.0002376328366153757,(-1.2444050908088684-0.13992783287540078j),-1.2355553511717592,-0.13768801820731372,3.071267950671697e-05,3.071267950671697e-05
39,(1.18197680297531+1.0213853905508021j),(-1.2300339937210083-0.2767997682094574j),(-1.2588474750518799-0.0029339136090129614j),(0.028813481330871582-0.27386585460044444j),(-0.07417228960962728-0.015782057377386194j),-0.050874136126373315,-0.010434705629132889,0.00023802334158062877,0.00023802334158062877,(-1.244440734386444-0.13986684090923518j),-1.2355817512353782,-0.13763858537635912,3.070476366817676e-05,3.070476366817676e-05
40,(1.182093313385839+1.0209388045440184j),(-1.2303797006607056-0.27433010935783386j),(-1.2585680484771729-0.005289738532155752j),(0.028188347816467285-0.2690403708256781j),(-0.07158813818139625-0.015167607099011104j),-0.048149185937142555,-0.009805778265472204,0.0002384338333740743,0.0002384338333740743,(-1.2444738745689392-0.1398099239449948j),-1.2356063483611002,-0.1375924565198659,3.069754103957045e-05,3.069754103957045e-05
41,(1.182201971089827+1.0205212283499614j),(-1.2307071685791016-0.27198225259780884j),(-1.2583025693893433-0.00753112742677331j),(0.0275954008102417-0.26445112517103553j),(-0.06917289145834882-0.014595269587628246j),-0.04560225106300947,-0.009219894733539302,0.0002388580180650024,0.0002388580180650024,(-1.2445048689842224-0.13975669001229107j),-1.2356293167641483,-0.13754931430125827,3.069092844765198e-05,3.069092844765198e-05
42,(1.182303511632145+1.0201299359688514j),(-1.231017827987671-0.2697465121746063j),(-1.2580498456954956-0.00966706220060587j),(0.027032017707824707-0.26007944997400045j),(-0.06691059031742246-0.01406094459427698j),-0.04321651277003942,-0.008672967518956826,0.0002392909441368829,0.0002392909441368829,(-1.2445338368415833-0.1397067871876061j),-1.2356508094548393,-0.13750887809113005,3.06848543908389e-05,3.06848543908389e-05
43,(1.1823985870404197+1.0197625380390547j),(-1.2313129901885986-0.26761430501937866j),(-1.2578089237213135-0.011705538257956505j),(0.026495933532714844-0.25590876676142216j),(-0.06478726241158192-0.013561083349099334j),-0.04097723930900515,-0.00816137907909702,0.00023972868143573578,0.00023972868143573578,(-1.244560956954956-0.13965992163866758j),-1.235670961264742,-0.137470902132647,3.067925808697414e-05,3.067925808697414e-05
44,(1.1824877701250776+1.0194169471882388j),(-1.2315938472747803-0.2655780613422394j),(-1.2575792074203491-0.013653605245053768j),(0.025985360145568848-0.2519244560971856j),(-0.06279069263796788-0.013092695442323832j),-0.038871568304152414,-0.0076819557892498815,0.00024016808833948744,0.00024016808833948744,(-1.2445865273475647-0.13961583329364657j),-1.2356898902903912,-0.13743517182180115,3.067408770573987e-05,3.067408770573987e-05
45,(1.182571573897206+1.0190912768878229j),(-1.2318613529205322-0.263630747795105j),(-1.2573596239089966-0.015517814084887505j),(0.025498270988464355-0.24811293371021748j),(-0.060909866050889605-0.012652901638972036j),-0.03688788462530939,-0.007231861766638677,0.0002406067303581949,0.0002406067303581949,(-1.2446104884147644-0.13957428093999624j),-1.2357077027704566,-0.1374014930474488,3.0669297757857095e-05,3.0669297757857095e-05
46,(1.1826504508948037+1.0187838764205441j),(-1.2321165800094604-0.26176613569259644j),(-1.2571498155593872-0.01730392873287201j),(0.025033235549926758-0.24446220695972443j),(-0.05913510774952102-0.012239360019755452j),-0.035016029905017204,-0.006808598028245674,0.00024104265662572288,0.00024104265662572288,(-1.2446331977844238-0.13953503221273422j),-1.2357244920227792,-0.13736969607082616,3.066484929126201e-05,3.066484929126201e-05
47,(1.1827248107183554+1.0184932587274063j),(-1.2323601245880127-0.25997862219810486j),(-1.2569488286972046-0.019017251208424568j),(0.024588704109191895-0.2409613709896803j),(-0.057457777939456944-0.011849855706020929j),-0.03324685848323048,-0.006409906214273639,0.00024147435442500864,0.00024147435442500864,(-1.2446544766426086-0.1394979367032647j),-1.2357403422947422,-0.1373396280354906,3.066070824453426e-05,3.066070824453426e-05
48,(1.182795012486119+1.018218105040051j),(-1.232593059539795-0.2582630515098572j),(-1.25675630569458-0.020662523806095123j),(0.024163246154785156-0.23760052770376205j),(-0.05587014830036946-0.011482400074825705j),-0.03157226391228715,-0.006033809129728396,0.0002419006345917296,0.0002419006345917296,(-1.2446746826171875-0.13946278765797615j),-1.2357553278743243,-0.13731115325145393,3.065684481895481e-05,3.065684481895481e-05
49,(1.1828613840803845+1.0179572214043469j),(-1.2328159809112549-0.2566148042678833j),(-1.256571650505066-0.022244121879339218j),(0.023755669593811035-0.23437068238854408j),(-0.05436528492542149-0.01113526498659656j),-0.029984910938140333,-0.005678503883725776,0.00024232059286077856,0.00024232059286077856,(-1.2446938157081604-0.13942946307361126j),-1.235769516286795,-0.13728414895225438,3.065323282192001e-05,3.065323282192001e-05
50,(1.1829242191317062+1.0177095324049565j),(-1.2330294847488403-0.2550295889377594j),(-1.256394386291504-0.02376604452729225j),(0.023364901542663574-0.23126354441046715j),(-0.05293690834919375-0.01080689989111594j),-0.028478196222213356,-0.005342378216698954,0.00024273354961223959,0.00024273354961223959,(-1.2447119355201721-0.13939781673252583j),-1.2357829681747434,-0.13725850450379734,3.064984909995072e-05,3.064984909995072e-05
51,(1.182983784551208+1.0174740729948326j),(-1.2332342863082886-0.2535035312175751j),(-1.2562240362167358-0.025231914594769478j),(0.022989749908447266-0.2282716166228056j),(-0.05157940235473618-0.010495814754710509j),-0.02704619616462925,-0.005023967624913099,0.00024313898757100105,0.00024313898757100105,(-1.2447291612625122-0.13936772290617228j),-1.2357957382967366,-0.13723412072998398,3.06466733916988e-05,3.06466733916988e-05
52,(1.1830403121084578+1.0172499974595322j),(-1.2334307432174683-0.2520332634449005j),(-1.256060242652893-0.026644881814718246j),(0.022629499435424805-0.22538838163018227j),(-0.05028782832917479-0.01020085250970304j),-0.025683720571007606,-0.00472200125840109,0.00024353648768737912,0.00024353648768737912,(-1.2447454929351807-0.13933907262980938j),-1.235807874422628,-0.13721091065098479,3.0643687979003964e-05,3.0643687979003964e-05
53,(1.1830940317204555+1.0170364635263391j),(-1.2336195707321167-0.2506152391433716j),(-1.2559025287628174-0.02800831012427807j),(0.022282958030700684-0.2226069290190935j),(-0.049057314628713766-0.009920681713351254j),-0.02438560675485838,-0.0044352222966076525,0.00024392588466071174,0.00024392588466071174,(-1.244761049747467-0.13931177463382483j),-1.2358194240220803,-0.1371887876063127,3.0640876135912265e-05,3.0640876135912265e-05
54,(1.1831451309983663+1.0168327820018055j),(-1.2338011264801025-0.24924662709236145j),(-1.2557506561279297-0.029324809089303017j),(0.02194952964782715-0.21992181800305843j),(-0.04788382418200951-0.009654360928924355j),-0.023147628179974723,-0.004162604116699447,0.000244306964759744,0.000244306964759744,(-1.2447758913040161-0.13928571809083223j),-1.2358304258892023,-0.13716768067139948,3.063822386217829e-05,3.063822386217829e-05
55,(1.1831937905356589+1.016638282517028j),(-1.2339757680892944-0.24792461097240448j),(-1.2556042671203613-0.030597057193517685j),(0.021628499031066895-0.2173275537788868j),(-0.04676347366117807-0.009400937572661583j),-0.021965677770060154,-0.0039031610354732515,0.00024467967182317807,0.00024467967182317807,(-1.2447900176048279-0.13926083408296108j),-1.2358409175587999,-0.13714752079613704,3.0635718036742254e-05,3.0635718036742254e-05
56,(1.1832401796054863+1.016452363728662j),(-1.2341439723968506-0.24664662778377533j),(-1.2554630041122437-0.03182746842503548j),(0.021319031715393066-0.21481915935873985j),(-0.04569277011431373-0.009159472942886104j),-0.02083607186361273,-0.0036559686039188376,0.00024504398334102007,0.00024504398334102007,(-1.2448034882545471-0.1392370481044054j),-1.2358509334343686,-0.13712824626591827,3.063334731412404e-05,3.063334731412404e-05
57,(1.1832844500164639+1.016274470336796j),(-1.2343060970306396-0.2454102635383606j),(-1.255326747894287-0.03301830217242241j),(0.02102065086364746-0.2123919613659382j),(-0.044668477490138817-0.008929234532237373j),-0.019755410391347573,-0.0034201992882257996,0.00024539994046790525,0.00024539994046790525,(-1.2448164224624634-0.1392142828553915j),-1.2358605048267102,-0.137109799949779,3.063110125756108e-05,3.063110125756108e-05
58,(1.1833267269001813+1.0161041241422228j),(-1.2344623804092407-0.2442135065793991j),(-1.2551950216293335-0.0341714471578598j),(0.020732641220092773-0.2100420594215393j),(-0.04368782431408036-0.008709453318232363j),-0.018720765224455555,-0.003195171617347725,0.0002457475663959485,0.0002457475663959485,(-1.244828701019287-0.13919247686862946j),-1.2358696581346738,-0.13709213247526678,3.06289705881424e-05,3.06289705881424e-05
59,(1.1833671479844945+1.0159408357166118j),(-1.234613299369812-0.24305413663387299j),(-1.2550677061080933-0.03528899699449539j),(0.02045440673828125-0.2077651396393776j),(-0.042747970494355025-0.00849942534443926j),-0.01772914235722474,-0.0029801359478654164,0.00024608700869066524,0.00024608700869066524,(-1.2448405027389526-0.1391715668141842j),-1.2358784213453213,-0.13707519360780818,3.062694670852295e-05,3.062694670852295e-05
60,(1.1834058251724142+1.0157841882603034j),(-1.234758973121643-0.24193033576011658j),(-1.2549446821212769-0.036372676491737366j),(0.02018570899963379-0.2055576592683792j),(-0.04184648843607719-0.008298654185274756j),-0.01677799170614388,-0.002774483753080575,0.00024641837444505654,0.00024641837444505654,(-1.24485182762146-0.13915150612592697j),-1.235886817749566,-0.1370589404003133,3.062502199069339e-05,3.062502199069339e-05
61,(1.1834428655180862+1.0156337885143272j),(-1.234899878501892-0.24084033071994781j),(-1.254825472831726-0.037424150854349136j),(0.019925594329833984-0.20341617986559868j),(-0.04098111292171648-0.008106376560252926j),-0.01586490832150116,-0.002577633315214982,0.00024674180826878,0.00024674180826878,(-1.244862675666809-0.13913224078714848j),-1.2358948694692287,-0.13704333237598718,3.062318946711606e-05,3.062318946711606e-05
62,(1.1834783660604888+1.0154892762437198j),(-1.235036015510559-0.23978249728679657j),(-1.254710078239441-0.03844495117664337j),(0.019674062728881836-0.2013375461101532j),(-0.04014973872939809-0.007922255023700586j),-0.014987689744468626,-0.0023890578142349503,0.00024705746363906655,0.00024705746363906655,(-1.244873046875-0.13911372423171997j),-1.2359025966637671,-0.1370283324246826,3.062144279131207e-05,3.062144279131207e-05
63,(1.1835124192775663+1.015350312351731j),(-1.2351677417755127-0.23875528573989868j),(-1.2545983791351318-0.03943655639886856j),(0.01943063735961914-0.19931872934103012j),(-0.039350406197921795-0.007745779897611271j),-0.014144263420146762,-0.002208255462008788,0.000247365517225262,0.000247365517225262,(-1.2448830604553223-0.13909592106938362j),-1.2359100184221574,-0.13701390564825466,3.061977615970157e-05,3.061977615970157e-05
64,(1.1835451070411742+1.0152166006385483j),(-1.2352954149246216-0.2377573400735855j),(-1.2544898986816406-0.04040021821856499j),(0.019194483757019043-0.19735712185502052j),(-0.03858140534019895-0.007576336139556439j),-0.013332818830530863,-0.0020347817503237747,0.00024766611181803455,0.00024766611181803455,(-1.244892656803131-0.13907877914607525j),-1.2359171515299066,-0.13700002159756647,3.0618184511888025e-05,3.0618184511888025e-05
65,(1.1835765094992026+1.015087822357496j),(-1.2354189157485962-0.2367871105670929j),(-1.2543848752975464-0.041337426751852036j),(0.018965959548950195-0.19544968381524086j),(-0.03784087128186521-0.007413781594189928j),-0.01255141014937375,-0.0018682041977565247,0.00024795950412226375,0.00024795950412226375,(-1.2449018955230713-0.13906226865947247j),-1.2359240132404647,-0.1369866472556851,3.061666243453498e-05,3.061666243453498e-05
66,(0.448302107816161+0.45907911242949323j),(-2.177124500274658+0.19225646555423737j),(-0.16495051980018616-0.28803807497024536j),(-2.012173980474472+0.4802945405244827j),(3.8181612820408573-1.932872354814612j),3.827631686182774,-1.9221816313803428,0.013390382771376608,0.013390382771376608,(-1.1710375100374222-0.047890804708004j),-1.1740139080465388,-0.05224593243610646,0.00014126287526505799,0.00014126287526505799
67,(0.6400576579764056+0.9519362255502691j),(-1.909972071647644+0.39690276980400085j),(-0.44445356726646423-0.6172311305999756j),(-1.4655185043811798+1.0141339004039764j),(1.1192769187350677-2.972463993924576j),1.1104720235262937,-2.9660033729028425,0.008456296974600264,0.008456296974600264,(-1.1772128194570541-0.11016418039798737j),-1.1816291152622815,-0.11258712224957244,7.671212098936397e-05,7.671212098936397e-05
68,(0.021600237853646058+0.6975215616542016j),(-2.3707406520843506+0.40511298179626465j),(0.12951453030109406-0.5199695825576782j),(-2.5002551823854446+0.9250825643539429j),(5.395498226173606-4.6258849513207245j),5.426960889329222,-4.628319725891412,0.01040787089755213,0.01040787089755213,(-1.1206130608916283-0.05742830038070679j),-1.1227534184576597,-0.0645668529633674,0.00022201525408949152,0.00022201525408949152
69,(1.1834647140754935+1.0145712062688015j),(-1.2341113090515137-0.23301947116851807j),(-1.2557011842727661-0.04495444893836975j),(0.02158987522125244-0.18806502223014832j),(-0.03490232987435693-0.008120600726861937j),-0.009424414655041452,-0.002530427595479317,0.000249466740342541,0.000249466740342541,(-1.24490624666214-0.1389869600534439j),-1.2359275057220982,-0.13692559246117714,3.060105198260388e-05,3.060105198260388e-05
70,(0.2537022953053932+1.034528560301108j),(-2.1481740474700928+0.5785375237464905j),(-0.10979810357093811-0.784717321395874j),(-2.0383759438991547+1.3632548451423645j),(2.2965127158626375-5.557651763484326j),2.268478516032018,-5.595133821499466,0.008449761228803254,0.008449761228803254,(-1.1289860755205154-0.10308989882469177j),-1.1383613856852972,-0.10868532135957376,0.00018106042863863525,0.00018106042863863525
71,(1.183536619557362+1.0144057914536242j),(-1.2344986200332642-0.2316792607307434j),(-1.2553462982177734-0.04625466465950012j),(0.020847678184509277-0.1854245960712433j),(-0.03394765514249887-0.007731344612771807j),-0.008420450081154553,-0.0021400292138554072,0.00024983103503473103,0.00024983103503473103,(-1.2449224591255188-0.13896696269512177j),-1.2359395091549157,-0.13690939531813906,3.060045897063102e-05,3.060045897063102e-05
72,(1.183567350861875+1.0143015705469807j),(-1.2346333265304565-0.23083996772766113j),(-1.255228042602539-0.047067634761333466j),(0.02059471607208252-0.18377233296632767j),(-0.03334812803379711-0.007569478038691457j),-0.007788383187285803,-0.0019756232167812172,0.00025008203419929487,0.00025008203419929487,(-1.2449306845664978-0.1389538012444973j),-1.2359455988489088,-0.13689873651218387,3.059950731443273e-05,3.059950731443273e-05
73,(1.183596955170593+1.014200871401495j),(-1.2347642183303833-0.2300221174955368j),(-1.2551130056381226-0.04786005616188049j),(0.020348787307739258-0.1821620613336563j),(-0.03276894344443115-0.0074135540832358515j),-0.007177733989594905,-0.0018173052727833011,0.0002503269104181527,0.0002503269104181527,(-1.244938611984253-0.13894108682870865j),-1.2359514736879855,-0.13688843506649312,3.05985930395547e-05,3.05985930395547e-05
74,(1.1836254819377066+1.014103519159139j),(-1.2348912954330444-0.2292248010635376j),(-1.255001187324524-0.048632778227329254j),(0.020109891891479492-0.18059202283620834j),(-0.0322090709601866-0.007263372111399491j),-0.006587436638762477,-0.0016648075061601077,0.00025056586810023873,0.00025056586810023873,(-1.2449462413787842-0.13892878964543343j),-1.235957143688964,-0.1368784730385158,3.059771358426833e-05,3.059771358426833e-05
75,(1.183652995244183+1.0140093502821472j),(-1.235014796257019-0.22844716906547546j),(-1.2548924684524536-0.049386609345674515j),(0.01987767219543457-0.17906055971980095j),(-0.03166756219525925-0.0071186142184824774j),-0.006016493590157764,-0.0015177797432656993,0.0002507990784579306,0.0002507990784579306,(-1.2449536323547363-0.138916889205575j),-1.2359626200217098,-0.1368688342019427,3.0596867306553754e-05,3.0596867306553754e-05
76,(1.1836795430121916+1.0139182109917808j),(-1.2351348400115967-0.22768843173980713j),(-1.2547866106033325-0.05012230575084686j),(0.01965177059173584-0.17756612598896027j),(-0.031143537011337097-0.006978977545596621j),-0.005463967792130391,-0.0013759619098492881,0.00025102673225774197,0.00025102673225774197,(-1.2449607253074646-0.138905368745327j),-1.2359679119423541,-0.13685950291469456,3.059605219057904e-05,3.059605219057904e-05
77,(1.1837051713511104+1.0138299599202112j),(-1.235251545906067-0.2269478589296341j),(-1.2546837329864502-0.05084057152271271j),(0.0194321870803833-0.1761072874069214j),(-0.030636166783096996-0.006844299510220253j),-0.004928997584870849,-0.0012391034280244753,0.00025124899912043475,0.00025124899912043475,(-1.2449676394462585-0.1388942152261734j),-1.23597302816788,-0.13685046486100055,3.0595266475308414e-05,3.0595266475308414e-05
78,(1.1837299305698434+1.0137444625453946j),(-1.2353651523590088-0.22622472047805786j),(-1.2545833587646484-0.05154208466410637j),(0.01921820640563965-0.1746826358139515j),(-0.03014468379745984-0.006714173901107401j),-0.004410763038766152,-0.0011069300449506776,0.0002514660404813185,0.0002514660404813185,(-1.2449742555618286-0.13888340257108212j),-1.235977977642434,-0.1368417066182695,3.059450877973546e-05,3.059450877973546e-05
79,(1.1837538587879333+1.013661590163164j),(-1.235475778579712-0.2255183309316635j),(-1.2544857263565063-0.052227504551410675j),(0.019009947776794434-0.17329082638025284j),(-0.02966833239307448-0.006588499119372315j),-0.003908480242401098,-0.00097923548320656,0.00025167803437398106,0.00025167803437398106,(-1.2449807524681091-0.1388729177415371j),-1.2359827679109332,-0.1368332150326051,3.059377740388669e-05,3.059377740388669e-05
80,(1.1837769959962627+1.0135812283046224j),(-1.2355835437774658-0.2248280942440033j),(-1.2543904781341553-0.05289739742875099j),(0.018806934356689453-0.1719306968152523j),(-0.029206463727481383-0.006466978657808653j),-0.0034214517230506773,-0.0008558022157281221,0.0002518851251807064,0.0002518851251807064,(-1.2449870109558105-0.13886274583637714j),-1.2359874062994034,-0.13682497859451898,3.0593071073226064e-05,3.0593071073226064e-05
81,(1.1837993778231162+1.0135032613697719j),(-1.2356884479522705-0.22415338456630707j),(-1.2542977333068848-0.05355237424373627j),(0.018609285354614258-0.1706010103225708j),(-0.028758399221672448-0.006349525765756425j),-0.002948973475451089,-0.0007364373656068846,0.0002520874800211459,0.0002520874800211459,(-1.2449930906295776-0.13885287940502167j),-1.2359918997244699,-0.136816985532353,3.059238835878553e-05,3.059238835878553e-05
82,(1.1838210408958108+1.0134275866060665j),(-1.2357906103134155-0.22349363565444946j),(-1.2542072534561157-0.05419296398758888j),(0.018416643142700195-0.16930067166686058j),(-0.028323544682204563-0.00623590010781605j),-0.0024904197282465228,-0.0006209417808985679,0.00025228523736586794,0.00025228523736586794,(-1.2449989318847656-0.13884329982101917j),-1.235996254835551,-0.1368092255371369,3.059172818087319e-05,3.059172818087319e-05
83,(1.183842018418014+1.0133541048070702j),(-1.23589026927948-0.2228483110666275j),(-1.2541189193725586-0.054819680750370026j),(0.018228650093078613-0.16802863031625748j),(-0.027901336921741626-0.0061258702153086375j),-0.0020451863453086576,-0.0005091353170815251,0.00025247853886867233,0.00025247853886867233,(-1.2450045943260193-0.13883399590849876j),-1.2360004778335547,-0.1368016885882496,3.059108943415101e-05,3.059108943415101e-05
84,(1.1838623408001576+1.0132827251709737j),(-1.2359874248504639-0.2222169190645218j),(-1.2540327310562134-0.0554329976439476j),(0.01804530620574951-0.1667839214205742j),(-0.027491243368365004-0.006019333864459853j),-0.0016127203083468114,-0.00040085297397473435,0.0002526675139051804,0.0002526675139051804,(-1.2450100779533386-0.1388249583542347j),-1.236004574396477,-0.13679436551466634,3.0590471106095585e-05,3.0590471106095585e-05
85,(1.183882037911725+1.0132133607965172j),(-1.2360823154449463-0.22159896790981293j),(-1.25394868850708-0.05603337287902832j),(0.01786637306213379-0.1655655950307846j),(-0.02709275897150243-0.005916113374148324j),-0.001192492695181721,-0.000295932693332137,0.0002528522920783871,0.0002528522920783871,(-1.2450155019760132-0.13881617039442062j),-1.2360085500355442,-0.13678724756301652,3.058987227644305e-05,3.058987227644305e-05
86,(1.1839011324562572+1.013145914563866j),(-1.2361748218536377-0.22099387645721436j),(-1.2538665533065796-0.05662136152386665j),(0.017691731452941895-0.1643725149333477j),(-0.0267053263037106-0.005816068784890938j),-0.0007839129668660225,-0.00019425329856718673,0.0002530330484660226,0.0002530330484660226,(-1.2450206875801086-0.1388076189905405j),-1.2360124098293186,-0.13678032461779577,3.058929155719259e-05,3.058929155719259e-05
87,(1.1839196558256277+1.0130803227046177j),(-1.2362650632858276-0.2204013466835022j),(-1.253786325454712-0.057197269052267075j),(0.017521262168884277-0.16320407763123512j),(-0.026328576327471445-0.005719082862415625j),-0.0003865922988157827,-9.564274165821743e-05,0.00025320985218968417,0.00025320985218968417,(-1.2450256943702698-0.13879930786788464j),-1.2360161587801222,-0.1367735905508602,3.058872861672057e-05,3.058872861672057e-05
